t,force,peak_force,contact_count,success,hammer_x,hammer_y,hammer_z
0.0,0,0.0,0,0.0,0.6016426913512304,0.10915001018596762,0.1574347673558197
0.005,0,0.0,0,0.0,0.60162866752215,0.10912192902125491,0.15744153088787807
0.01,0,0.0,0,0.0,0.6016085161850483,0.10908170822386343,0.15745117587682853
0.015,0,0.0,0,0.0,0.6015083060958758,0.10888122613072775,0.15749942689128799
0.02,0,0.0,0,0.0,0.6013734912524323,0.10861209010748998,0.15756411660240147
0.025,0,0.0,0,0.0,0.6010876826875085,0.10804347148433706,0.15770067989897596
0.03,0,0.0,0,0.0,0.6007314489365181,0.1073603848826062,0.15787088643227948
0.035,0,0.0,0,0.0,0.6001778799900221,0.10625904374073798,0.1581307445637547
0.04,0,0.0,0,0.0,0.5995266137839497,0.1049746579644712,0.1584332538898256
0.045,0,0.0,0,0.0,0.598602798605176,0.10320392122271242,0.1588574189607626
0.05,0,0.0,0,0.0,0.597565010099691,0.10123589214578285,0.15932534546029734
0.055,0,0.0,0,0.0,0.5962311936080488,0.09873346281382397,0.1599137853079031
0.06,0,0.0,0,0.0,0.5947494285768492,0.09601075498927142,0.16055128376807912
0.065,0,0.0,0,0.0,0.5929328141237284,0.09272917266584119,0.1613105885102671
0.07,0,0.0,0,0.0,0.5909393160421458,0.08922664103301173,0.16211600228716602
0.075,0,0.0,0,0.0,0.588568943533245,0.08516451948682238,0.16304107893098888
0.08,0,0.0,0,0.0,0.5860024802904867,0.08089801443602776,0.16400176103495334
0.085,0,0.0,0,0.0,0.5830239925055102,0.07610040378091654,0.16506827491920137
0.09,0,0.0,0,0.0,0.5798270194892253,0.07112528757308052,0.16615801342524456
0.095,0,0.0,0,0.0,0.5761943223677374,0.06567235314427222,0.16733281795886484
0.1,0,0.0,0,0.0,0.5723212767056934,0.060080051824873894,0.16851522396382398
0.105,0,0.0,0,0.0,0.5679970370622441,0.05408279355346687,0.16975699977307238
0.11,0,0.0,0,0.0,0.5634151769298645,0.0479943522686288,0.1709881114143562
0.115,0,0.0,0,0.0,0.5583780113088577,0.04158955171376198,0.17224938008595336
0.12,0,0.0,0,0.0,0.5530729210690782,0.03514941674441208,0.17348003693842462
0.125,0,0.0,0,0.0,0.5473223924307828,0.02849248670538889,0.17470988441758445
0.13,0,0.0,0,0.0,0.5413026400768555,0.021860759827116993,0.1758886362381964
0.135,0,0.0,0,0.0,0.5348633110768696,0.015117460823127652,0.1770357655869569
0.14,0,0.0,0,0.0,0.5281639593547001,0.008461194832384706,0.178112005085379
0.145,0,0.0,0,0.0,0.5210879715775433,0.0017986059010651099,0.17912788118458112
0.15,0,0.0,0,0.0,0.5137723652307076,-0.004717419035724745,0.18005498889810576
0.155,0,0.0,0,0.0,0.5061400262232297,-0.01114011335516726,0.18089687574238877
0.16,0,0.0,0,0.0,0.498299436234753,-0.017362529356529047,0.18163517115307062
0.165,0,0.0,0,0.0,0.4902175333182349,-0.02340272480435876,0.1822688599763714
0.17,0,0.0,0,0.0,0.4819685029525296,-0.029197893891068274,0.1827881572018312
0.17500000000000002,0,0.0,0,0.0,0.4735663822683353,-0.03473705864673344,0.18319018043270546
0.18,0,0.0,0,0.0,0.4650459376464291,-0.03999788740796331,0.18347175474266036
0.185,0,0.0,0,0.0,0.45646966527989086,-0.044947203703544464,0.18363091561614797
0.19,0,0.0,0,0.0,0.44782883076919966,-0.04959788182731025,0.18366872353102037
0.195,0,0.0,0,0.0,0.4392340049548891,-0.05390154480786143,0.18358681432936894
0.2,0,0.0,0,0.0,0.43063027156990197,-0.05789979607426228,0.18338786549986283
0.20500000000000002,0,0.0,0,0.0,0.42217421485440415,-0.06153574185464346,0.18307950587038893
0.21,0,0.0,0,0.0,0.41376366598362985,-0.0648731405311287,0.1826633260391377
0.215,0,0.0,0,0.0,0.40559771177998166,-0.0678515959429921,0.18215491243648013
0.22,0,0.0,0,0.0,0.3975278571045332,-0.07054833902043882,0.181552242999476
0.225,0,0.0,0,0.0,0.3897907970108321,-0.0729058373451756,0.1808801508998476
0.23,0,0.0,0,0.0,0.38219417388298316,-0.07500903636754964,0.18013070894273533
0.23500000000000001,0,0.0,0,0.0,0.3750060387742665,-0.07680781888636094,0.17933865690225653
0.24,0,0.0,0,0.0,0.36799509096053795,-0.0783850319003433,0.17848842904513018
0.245,0,0.0,0,0.0,0.36145452989195737,-0.079698522775666,0.1776246023382768
0.25,0,0.0,0,0.0,0.35511920895666055,-0.08082794786183463,0.17672275366539847
0.255,0,0.0,0,0.0,0.34930003666922876,-0.08174048061672576,0.17583642544282344
0.26,0,0.0,0,0.0,0.34370555274124454,-0.08250677875774383,0.1749319233957629
0.265,0,0.0,0,0.0,0.3386564718820662,-0.08310366840011607,0.1740701665314443
0.27,0,0.0,0,0.0,0.333843157319626,-0.08359031988474969,0.17320854007435776
0.275,0,0.0,0,0.0,0.3295877814724588,-0.08395237357130439,0.17241309056865026
0.28,0,0.0,0,0.0,0.32557143845334563,-0.08423635600509426,0.17163343930494854
0.28500000000000003,0,0.0,0,0.0,0.3221088764928786,-0.08443518749684302,0.17093795103830192
0.29,0,0.0,0,0.0,0.31888140279809574,-0.08458286966523215,0.17027041115282981
0.295,0,0.0,0,0.0,0.3161919541074266,-0.08468103463247832,0.16969765071418708
0.3,0,0.0,0,0.0,0.3137246944328111,-0.08474754696244821,0.16916084697123465
0.305,0,0.0,0,0.0,0.31175392250018186,-0.08478647752970632,0.16872374047845026
0.31,0,0.0,0,0.0,0.3099865074330039,-0.08480755975475779,0.16832648956439472
0.315,0,0.0,0,0.0,0.3086666591645586,-0.08482220529569515,0.16802304340844296
0.32,0,0.0,0,0.0,0.30751814607792644,-0.08482276175843582,0.16775921118251635
0.325,0,0.0,0,0.0,0.3067392685253821,-0.08482384288698248,0.16757781635406782
0.33,0,0.0,0,0.0,0.30610892328512085,-0.08482200431691174,0.16743047799504956
0.335,0,0.0,0,0.0,0.30575295808572384,-0.08482504525836493,0.16734523528429945
0.34,0,0.0,0,0.0,0.30548858766323644,-0.08481527767521688,0.16728600669247917
0.34500000000000003,0,0.0,0,0.0,0.30538854981976593,-0.08481722508273244,0.16726172840671008
0.35000000000000003,0,0.0,0,0.0,0.3053434108492084,-0.08481581161148352,0.16725146388296236
0.355,0,0.0,0,0.0,0.30532953671958113,-0.08481475884194746,0.1672428880138825
0.36,0,0.0,0,0.0,0.3053326530490497,-0.0848177808995574,0.16723467566384292
0.365,0,0.0,0,0.0,0.3053374275388977,-0.0848212648065042,0.16719491145934137
0.37,0,0.0,0,0.0,0.30534412164430086,-0.08482602976950764,0.1671414679172939
0.375,0,0.0,0,0.0,0.3053638743242449,-0.08484007378146283,0.16702852037240937
0.38,0,0.0,0,0.0,0.30538533568483245,-0.08485538138921057,0.16689012786343033
0.385,0,0.0,0,0.0,0.30542129506716986,-0.0848811251856008,0.16666922415331495
0.39,0,0.0,0,0.0,0.3054665617589245,-0.08491328062271274,0.1664136205771299
0.395,0,0.0,0,0.0,0.3055246470700904,-0.0849548696018564,0.16605749594277538
0.4,0,0.0,0,0.0,0.30558916009947806,-0.0850010361765269,0.16565922988946322
0.405,0,0.0,0,0.0,0.30567142176733975,-0.0850599661113676,0.16514727162037265
0.41000000000000003,0,0.0,0,0.0,0.30575923249918324,-0.08512299202043566,0.16458783354298118
0.41500000000000004,0,0.0,0,0.0,0.3058666286615401,-0.08519988145607682,0.16390595444423972
0.42,0,0.0,0,0.0,0.30597483754734744,-0.08527789858053925,0.1631730525973147
0.425,0,0.0,0,0.0,0.3061053963875661,-0.08537147289278038,0.16231294456812792
0.43,0,0.0,0,0.0,0.30624048273409227,-0.08546832127066975,0.16140006228660655
0.435,0,0.0,0,0.0,0.30639221287454954,-0.08557699419275364,0.16035906147881282
0.44,0,0.0,0,0.0,0.30654604589101014,-0.08568723523958355,0.1592651234663886
0.445,0,0.0,0,0.0,0.3067131286327477,-0.08580692698899686,0.15804529570341697
0.45,0,0.0,0,0.0,0.30687609067048,-0.08592428279018764,0.1567740468548025
0.455,0,0.0,0,0.0,0.3070542040955233,-0.08605179701467822,0.15538255383309266
0.46,0,0.0,0,0.0,0.3072267927807075,-0.08617580264921314,0.15394213452608638
0.465,0,0.0,0,0.0,0.3074084333943218,-0.0863058323751577,0.1523898393517022
0.47000000000000003,0,0.0,0,0.0,0.30758113124186515,-0.0864300675387735,0.1507924500421579
0.47500000000000003,0,0.0,0,0.0,0.3077597101806315,-0.0865578071654484,0.14909392785410946
0.48,0,0.0,0,0.0,0.3079288022920083,-0.0866790631897112,0.14735529807546147
0.485,0,0.0,0,0.0,0.30809548867622755,-0.08679842593275122,0.14552819178222054
0.49,0,0.0,0,0.0,0.3082479443035333,-0.08690834444612193,0.14366673235538677
0.495,0,0.0,0,0.0,0.3083995121168932,-0.08701652116681635,0.14173117545399017
0.5,0,0.0,0,0.0,0.3085363793290826,-0.0871145414918319,0.13976792366301624
0.505,0,0.0,0,0.0,0.3086634730655427,-0.08720533339993956,0.13774610333826812
0.51,0,0.0,0,0.0,0.3087704524772059,-0.0872827889914862,0.13570353836741372
0.515,0,0.0,0,0.0,0.3088693324170279,-0.0873533651158973,0.13361895935395213
0.52,0,0.0,0,0.0,0.3089522920111743,-0.08741253003153746,0.13152096814388511
0.525,0,0.0,0,0.0,0.3090187883159589,-0.08745998609175111,0.12939787779606238
0.53,0,0.0,0,0.0,0.30906836478321864,-0.08749524441594846,0.12726875660096143
0.535,0,0.0,0,0.0,0.30910070269296636,-0.08751825410600893,0.1251315453193343
0.54,0,0.0,0,0.0,0.30911544292084137,-0.08752863981070212,0.1229956980716893
0.545,0,0.0,0,0.0,0.30911315672113343,-0.08752680174582093,0.12086840016148898
0.55,0,0.0,0,0.0,0.30909349166846956,-0.0875125019988359,0.11874956337336297
0.555,0,0.0,0,0.0,0.3090574901661758,-0.08748649060722068,0.11665518875240069
0.56,0,0.0,0,0.0,0.3090018817621714,-0.08744710535910571,0.11457598867239621
0.5650000000000001,0,0.0,0,0.0,0.30893950877132276,-0.08740094514353546,0.11253614008966438
0.5700000000000001,0,0.0,0,0.0,0.30885272703807304,-0.08733949273930768,0.11051760516263023
0.5750000000000001,0,0.0,0,0.0,0.30876205458967954,-0.08727308465217788,0.10855188931892734
0.58,0,0.0,0,0.0,0.30865202685112764,-0.0871942808697872,0.1066129536951801
0.585,0,0.0,0,0.0,0.3085315155253031,-0.0871080624362323,0.10473863870184283
0.59,0,0.0,0,0.0,0.3084052892988452,-0.0870162733776995,0.10289576484858909
0.595,0,0.0,0,0.0,0.3082670754325349,-0.08691730244656741,0.10112747148222011
0.6,0,0.0,0,0.0,0.3081190355615849,-0.08681138851949995,0.09939435550861046
0.605,0,0.0,0,0.0,0.3079736309347473,-0.08670577928354645,0.09774364287973383
0.61,0,0.0,0,0.0,0.30781578043565133,-0.08659277044292031,0.09613089765622547
0.615,0,0.0,0,0.0,0.30765740955108106,-0.08647946478513127,0.09460606618132684
0.62,0,0.0,0,0.0,0.30750038134719715,-0.08636547328219947,0.09312101913641764
0.625,0,0.0,0,0.0,0.30734075441848213,-0.08625118915711003,0.0917268546068664
0.63,0,0.0,0,0.0,0.30717804469457183,-0.08613482835465815,0.09037324485210314
0.635,0,0.0,0,0.0,0.30702699497866126,-0.08602503364041597,0.08911086806477517
0.64,0,0.0,0,0.0,0.3068694817168043,-0.08591231047013684,0.0878886345702494
0.645,0,0.0,0,0.0,0.3067189715637648,-0.08580472392647372,0.08675513052370945
0.65,0,0.0,0,0.0,0.3065752449555777,-0.0857001358763698,0.08566030593980797
0.655,0,0.0,0,0.0,0.3064344117680097,-0.08559939675840597,0.08464858888622137
0.66,0,0.0,0,0.0,0.30629473256694256,-0.08549964285878205,0.08367287019411876
0.665,0,0.0,0,0.0,0.30617000835097824,-0.08540858926916065,0.08277148075332964
0.67,0,0.0,0,0.0,0.3060416654904024,-0.08531686789169902,0.081902048632856
0.675,263.17576481846646,270.3880163866041,1,1.0,0.305925543103766,-0.08523741035523366,0.08109477395201534
0.68,268.6734590968685,270.3880163866041,1,1.0,0.3058092725975955,-0.08515664173690034,0.08031402677068236
0.685,257.8574330632752,270.3880163866041,1,1.0,0.3056983480134352,-0.08507897600190566,0.07957941822865072
0.6900000000000001,261.8502009008372,270.3880163866041,1,1.0,0.30558876422979386,-0.08500163927634753,0.0788646013755295
0.6950000000000001,257.1236982035,270.3880163866041,1,1.0,0.3054819820125751,-0.0849259325029889,0.07817601362827142
0.7000000000000001,260.32635653858193,270.3880163866041,1,1.0,0.3053756449728617,-0.08485017855067215,0.0774989734730332
0.705,262.08755862336506,270.3880163866041,1,1.0,0.30526861419822876,-0.08477375547117612,0.07682817174545893
0.71,264.7373144658725,270.3880163866041,1,1.0,0.30516023972723044,-0.08469615347168843,0.07616063803984201
0.715,266.819168967835,270.3880163866041,1,1.0,0.30505096835353446,-0.08461781000960833,0.07549495526898917
0.72,268.7193860757534,270.3880163866041,1,1.0,0.30494050654185634,-0.08453856240148361,0.07483089600400986
0.725,269.5356095497553,270.3880163866041,1,1.0,0.3048295655966275,-0.08445895408375496,0.07416867273489244
0.73,270.29417011887136,270.3880163866041,1,1.0,0.30471746362262125,-0.08437838661480851,0.0735080177816902
0.735,269.75139080301915,270.3880163866041,1,1.0,0.3046058259809629,-0.08429824924741873,0.07285038986558708
0.74,269.5580174340532,270.3880163866041,1,1.0,0.30449339493445493,-0.0842174288601279,0.07219472986839022
0.745,268.1394694409524,270.3880163866041,1,1.0,0.30438047966415815,-0.08414188533492539,0.07154477271056017
0.75,266.0243851592716,270.3880163866041,1,1.0,0.30426182753959863,-0.08406042633893739,0.07089667144152147
0.755,262.93273730120796,270.3880163866041,1,1.0,0.3041518111233954,-0.08398424457865807,0.07025391551733845
0.76,261.314034007643,270.3880163866041,1,1.0,0.3040377339839916,-0.0839066533752924,0.06961473770728299
0.765,256.4063103440116,270.3880163866041,1,1.0,0.3039313900628412,-0.08383161040059676,0.06898233852262521
0.77,254.07882676091532,270.3880163866041,1,1.0,0.30382295006225796,-0.08375366313003299,0.06835455811206587
0.775,248.52920360876308,270.3880163866041,1,1.0,0.3037225146318385,-0.08368119845630051,0.06773639777777558
0.78,244.32960351686788,270.3880163866041,1,1.0,0.3036181423756216,-0.08360496919731815,0.0671234349598765
0.785,237.26154320510457,270.3880163866041,1,1.0,0.303517208538032,-0.08353626237266444,0.06652224232032963
0.79,233.5072458677753,270.3880163866041,1,1.0,0.3034187749965901,-0.08346812134135612,0.06592652091326065
0.795,225.1143225924938,270.3880163866041,1,1.0,0.3033263604763228,-0.08340186843933324,0.06534542229546338
0.8,221.01274370108945,270.3880163866041,1,1.0,0.3032326836302438,-0.08333580231890382,0.0647714964914246
0.805,210.0612592488827,270.3880163866041,1,1.0,0.3031475029078384,-0.08327593087233025,0.064214634086099
0.81,206.3191695587976,270.3880163866041,1,1.0,0.30305823167633433,-0.0832124025124898,0.06366527045056297
0.8150000000000001,194.3102048357641,270.3880163866041,1,1.0,0.302978784531844,-0.08315683586338636,0.06313573502592221
0.8200000000000001,189.57534343913025,270.3880163866041,1,1.0,0.3028959216744055,-0.08309765971542393,0.06261462720268021
0.8250000000000001,176.77593174411928,270.3880163866041,1,1.0,0.3028220078351193,-0.08304602282002393,0.06211605584536194
0.8300000000000001,172.2723883752215,270.3880163866041,1,1.0,0.3027498589315593,-0.08299574962041822,0.06162690944746841
0.835,158.47693148772822,270.3880163866041,1,1.0,0.3026878886467004,-0.08295153060776381,0.06116292120049047
0.84,153.56549375456842,270.3880163866041,1,1.0,0.30262831804115775,-0.08290891169804945,0.06070976474225103
0.845,138.83052759441455,270.3880163866041,1,1.0,0.30257559037204,-0.08287113796787746,0.06028396865526684
0.85,133.93998441082522,270.3880163866041,1,1.0,0.30252548668729723,-0.08283526411457735,0.05986996939610669
0.855,0,270.3880163866041,0,1.0,0.30248430128898696,-0.08279832886362964,0.05948546595733178
0.86,0,270.3880163866041,0,1.0,0.30244604729136504,-0.08276513257773384,0.059114109232756194
0.865,0,270.3880163866041,0,1.0,0.302414972495278,-0.08274090607038519,0.05877504435051208
0.87,0,270.3880163866041,0,1.0,0.30238610095616164,-0.08272050895386164,0.05844956929758706
0.875,0,270.3880163866041,0,1.0,0.3023680465472338,-0.0827045574601613,0.0581599872493719
0.88,0,270.3880163866041,0,1.0,0.30235169432916653,-0.08269144351748328,0.057883668493714686
0.885,0,270.3880163866041,0,1.0,0.30234828029395794,-0.08268458180272087,0.05764557707568922
0.89,0,270.3880163866041,0,1.0,0.3023452783276429,-0.08268053466714856,0.057421034249121296
0.895,0,270.3880163866041,0,1.0,0.3023506077917704,-0.08268120140548046,0.05723204475733206
0.9,0,270.3880163866041,0,1.0,0.30236120074858264,-0.0826870185798551,0.05706122096592505
0.905,0,270.3880163866041,0,1.0,0.30236615476160567,-0.08269541450497656,0.056930928633639834
0.91,0,270.3880163866041,0,1.0,0.30237740427104504,-0.082707660572484,0.05681721537766494
0.915,0,270.3880163866041,0,1.0,0.3024092448442311,-0.08272781082998354,0.05674468633248747
0.92,0,270.3880163866041,0,1.0,0.3024489402770935,-0.08275214442241333,0.056689335525282665
0.925,0,270.3880163866041,0,1.0,0.3025026685516808,-0.08278543509631126,0.05667601281549642
0.93,0,270.3880163866041,0,1.0,0.3025510061348232,-0.0828205696812722,0.056680259899889694
0.935,0,270.3880163866041,0,1.0,0.302616530325537,-0.08286441337220364,0.05672708447931064
0.9400000000000001,0,270.3880163866041,0,1.0,0.3026765185763859,-0.08290910857837926,0.05679170820047777
0.9450000000000001,0,270.3880163866041,0,1.0,0.3027534188177791,-0.08296234315056415,0.05689905682855106
0.9500000000000001,0,270.3880163866041,0,1.0,0.30283360674281457,-0.0830183283714282,0.05702428638411668
0.9550000000000001,0,270.3880163866041,0,1.0,0.30291414836028646,-0.08307841594294667,0.05719188198596876
0.96,0,270.3880163866041,0,1.0,0.3030091824976435,-0.08314384403929435,0.057377304621582095
0.965,0,270.3880163866041,0,1.0,0.30310738165034234,-0.0832137901887851,0.05760424978004903
0.97,0,270.3880163866041,0,1.0,0.3032079950039725,-0.08328578608688723,0.057848724277038306
0.975,0,270.3880163866041,0,1.0,0.303314689650113,-0.08336267569097648,0.058133294826956755
0.98,0,270.3880163866041,0,1.0,0.3034244343063446,-0.08344162255807297,0.058434858821855125
0.985,0,270.3880163866041,0,1.0,0.30354538830036376,-0.08352649217840284,0.0587745030937668
0.99,0,270.3880163866041,0,1.0,0.30366141356683785,-0.08361100005943377,0.05913037942828384
0.995,0,270.3880163866041,0,1.0,0.3037888857785255,-0.08370114794146556,0.05952160965442655
1.0,0,270.3880163866041,0,1.0,0.3039118072299367,-0.0837907279120379,0.05992783170429892
1.0050000000000001,0,270.3880163866041,0,1.0,0.3040441257305466,-0.08388493806119443,0.06036605372531098
1.01,0,270.3880163866041,0,1.0,0.30417710720214985,-0.08397985318476377,0.06081818141988479
1.0150000000000001,0,270.3880163866041,0,1.0,0.30431307789658796,-0.08407688433409807,0.061297943431063914
1.02,0,270.3880163866041,0,1.0,0.3044442555263132,-0.08417285119968598,0.061789864261693125
1.025,0,270.3880163866041,0,1.0,0.3045837446206753,-0.08427211481842813,0.0623042723549012
1.03,0,270.3880163866041,0,1.0,0.3047221516500332,-0.08437109321252735,0.06282877281133134
1.035,0,270.3880163866041,0,1.0,0.3048574544418459,-0.08446964126559453,0.06336977723002205
1.04,0,270.3880163866041,0,1.0,0.3049970956345481,-0.08456924661475344,0.06391833782005389
1.045,0,270.3880163866041,0,1.0,0.30513678368499364,-0.084668839587556,0.06447632515330852
1.05,0,270.3880163866041,0,1.0,0.3052754899170365,-0.08476775510226031,0.0650389602715508
1.055,0,270.3880163866041,0,1.0,0.30540856743004846,-0.0848650602870973,0.06560970749146504
1.06,0,270.3880163866041,0,1.0,0.30554723653318683,-0.0849636351298972,0.06618443192535868
1.065,0,270.3880163866041,0,1.0,0.3056856166830267,-0.08506392048519934,0.06678942664612787
1.07,0,270.3880163866041,0,1.0,0.30583083257543014,-0.0851665892277303,0.06740818045643525
1.075,0,270.3880163866041,0,1.0,0.30597708048948,-0.08527328968219966,0.0680823889999354
1.08,0,270.3880163866041,0,1.0,0.3061335214205327,-0.08538394793149956,0.06878122536230694
1.085,0,270.3880163866041,0,1.0,0.3062948361200702,-0.08550085046510783,0.06955620954022719
1.09,0,270.3880163866041,0,1.0,0.3064593291321134,-0.085620040373116,0.0703647385705942
1.095,0,270.3880163866041,0,1.0,0.3066427624247237,-0.08575023959920072,0.07126560209201105
1.1,0,270.3880163866041,0,1.0,0.30682340080705,-0.08588109748369879,0.07220711639484396
1.105,0,270.3880163866041,0,1.0,0.30702307521524563,-0.08602294761444576,0.07325286519716975
1.11,0,270.3880163866041,0,1.0,0.30721922062960577,-0.08616498334366186,0.07434469036435906
1.115,0,270.3880163866041,0,1.0,0.30743321012546126,-0.08631706560731481,0.0755486644577632
1.12,0,270.3880163866041,0,1.0,0.3076422085589586,-0.08646837287827756,0.07680260127499097
1.125,0,270.3880163866041,0,1.0,0.30786671848335906,-0.0866279669157755,0.0781728842218844
1.1300000000000001,0,270.3880163866041,0,1.0,0.3080841199824983,-0.08678534702582703,0.07959550342546548
1.135,0,270.3880163866041,0,1.0,0.3083137426130931,-0.08694856992431028,0.08113516760112494
1.1400000000000001,0,270.3880163866041,0,1.0,0.3085335884194789,-0.08710773567463466,0.08272808120663283
1.145,0,270.3880163866041,0,1.0,0.3087616261924787,-0.0872697672668555,0.08443543287381679
1.1500000000000001,0,270.3880163866041,0,1.0,0.3089768080687369,-0.08742562868151191,0.0861955775935005
1.155,0,270.3880163866041,0,1.0,0.3091956680252133,-0.08758102820641261,0.08806444084964106
1.16,0,270.3880163866041,0,1.0,0.3093983290061897,-0.08772793445686912,0.08998423348241547
1.165,0,270.3880163866041,0,1.0,0.3095999557115257,-0.08787091579011425,0.09200411827848806
1.17,0,270.3880163866041,0,1.0,0.3097819595289693,-0.08800303078379818,0.09407173827449715
1.175,0,270.3880163866041,0,1.0,0.3099583138238135,-0.08812782205242116,0.09622810952344997
1.18,0,270.3880163866041,0,1.0,0.31011231532915323,-0.08823955535199164,0.09842774128040116
1.185,0,270.3880163866041,0,1.0,0.3102529886349736,-0.08834015119157912,0.10070229048908695
1.19,0,270.3880163866041,0,1.0,0.3103757453970239,-0.08842707861199048,0.10301444563431103
1.195,0,270.3880163866041,0,1.0,0.3104784913343181,-0.08849970767644805,0.10538549519271394
1.2,0,270.3880163866041,0,1.0,0.31055811075521444,-0.08855637374588193,0.10778732215308773
1.205,0,270.3880163866041,0,1.0,0.3106121703795522,-0.08859614255908618,0.11023010367190848
1.21,0,270.3880163866041,0,1.0,0.31064533499657454,-0.08861955548773494,0.11269598212470185
1.215,0,270.3880163866041,0,1.0,0.3106539421974178,-0.08862541612599575,0.11518343326878715
1.22,0,270.3880163866041,0,1.0,0.3106435602002459,-0.08861470440512612,0.11768541457555681
1.225,0,270.3880163866041,0,1.0,0.31060313582793225,-0.08858522444977368,0.12018852883139892
1.23,0,270.3880163866041,0,1.0,0.31053676239527206,-0.0885379493966669,0.12269708199578729
1.235,0,270.3880163866041,0,1.0,0.3104456736453756,-0.08847329558979918,0.12518564152021477
1.24,0,270.3880163866041,0,1.0,0.31033722875853337,-0.08839290625643093,0.12767026329495768
1.245,0,270.3880163866041,0,1.0,0.31020125639525226,-0.08829596823712478,0.1301136814450531
1.25,0,270.3880163866041,0,1.0,0.3100480152297961,-0.08818404775937319,0.13254355661541903
1.2550000000000001,0,270.3880163866041,0,1.0,0.30987153807621676,-0.08805834358235294,0.13491158952492682
1.26,0,270.3880163866041,0,1.0,0.3096805063955487,-0.08791953440508525,0.1372567480710665
1.2650000000000001,0,270.3880163866041,0,1.0,0.3094736371368692,-0.08777070835766444,0.13952013605849461
1.27,0,270.3880163866041,0,1.0,0.30925219798169445,-0.08761046325499063,0.1417517165640781
1.2750000000000001,0,270.3880163866041,0,1.0,0.3090168025505264,-0.08744354912850243,0.14388317356946648
1.28,0,270.3880163866041,0,1.0,0.30877547895761237,-0.08726890927059767,0.14597466307730148
1.285,0,270.3880163866041,0,1.0,0.30852868565560493,-0.08709212371887515,0.1479495604141411
1.29,0,270.3880163866041,0,1.0,0.3082755466195474,-0.0869097384884877,0.14987715442554497
1.295,0,270.3880163866041,0,1.0,0.3080262971211093,-0.08673034645258952,0.1516743037909256
1.3,0,270.3880163866041,0,1.0,0.30777266968756456,-0.08654780493450527,0.15341790771703986
1.305,0,270.3880163866041,0,1.0,0.30752917891820475,-0.08637260160117051,0.15502003892930044
1.31,0,270.3880163866041,0,1.0,0.30728606891866145,-0.08619721973885719,0.1565637330857708
1.315,0,270.3880163866041,0,1.0,0.3070572175317288,-0.0860328259580266,0.15795828795378075
1.32,0,270.3880163866041,0,1.0,0.30683746451827293,-0.08587153563554467,0.15929104294225188
1.325,0,270.3880163866041,0,1.0,0.3066320737403998,-0.08572386649601318,0.16047083660821748
1.33,0,270.3880163866041,0,1.0,0.30643240408985495,-0.08558054768074083,0.16158702209431886
1.335,0,270.3880163866041,0,1.0,0.3062557088122078,-0.08545388474194957,0.16255045467577564
1.34,0,270.3880163866041,0,1.0,0.3060870994581531,-0.0853331402019758,0.16345037449111025
1.345,0,270.3880163866041,0,1.0,0.3059431699226352,-0.08523033747457594,0.1642024116619074
1.35,0,270.3880163866041,0,1.0,0.3058158389476182,-0.0851352126290048,0.16489306300340806
1.355,0,270.3880163866041,0,1.0,0.3057078944514585,-0.08505763319385895,0.16544564614881294
1.36,0,270.3880163866041,0,1.0,0.305609824439827,-0.08498727807945916,0.16594081559896623
1.365,0,270.3880163866041,0,1.0,0.30553500012562357,-0.08493377833595936,0.16631304492737958
1.37,0,270.3880163866041,0,1.0,0.3054695997497817,-0.08488716425374078,0.16663424544644237
1.375,0,270.3880163866041,0,1.0,0.30542399008917603,-0.08485499690326448,0.16685333559413923
1.3800000000000001,0,270.3880163866041,0,1.0,0.3053936196060722,-0.0848291573124897,0.16703029808944325
1.385,0,270.3880163866041,0,1.0,0.30537255056641743,-0.08481396955478429,0.1671321048858834
1.3900000000000001,0,270.3880163866041,0,1.0,0.30535744378219526,-0.08480320343744847,0.16720294714229347
1.395,0,270.3880163866041,0,1.0,0.30535053466525863,-0.08479847540113834,0.1672320639254788
1.4000000000000001,0,270.3880163866041,0,1.0,0.30534679009594795,-0.08479617888826882,0.16724427456317661
1.405,0,270.3880163866041,0,1.0,0.3053444895092246,-0.08479513950570332,0.1672477754055584
1.41,0,270.3880163866041,0,1.0,0.3053497194226484,-0.08479451816914857,0.16724826688071814
1.415,0,270.3880163866041,0,1.0,0.30534961786173104,-0.08479404083985033,0.16724835095162485
1.42,0,270.3880163866041,0,1.0,0.3053485731488322,-0.08479367117316582,0.1672483878232142
1.425,0,270.3880163866041,0,1.0,0.3053484415905704,-0.0847931658039096,0.16724839424932347
1.43,0,270.3880163866041,0,1.0,0.3053472850257206,-0.08479280764330083,0.1672484145621407
1.435,0,270.3880163866041,0,1.0,0.3053479165215286,-0.08479221378812653,0.16724839831741062
1.44,0,270.3880163866041,0,1.0,0.3053483816266422,-0.08479173447440767,0.1672484447107942
1.445,0,270.3880163866041,0,1.0,0.305347016844388,-0.0847914369671766,0.1672484535082238
1.45,0,270.3880163866041,0,1.0,0.30534699081002886,-0.08479092302491678,0.16724844124130686
1.455,0,270.3880163866041,0,1.0,0.3053451259118673,-0.08479075356540104,0.1672484607227101
1.46,0,270.3880163866041,0,1.0,0.30534363705434453,-0.0847904237105395,0.1672484261915476
1.465,0,270.3880163866041,0,1.0,0.3053489915511275,-0.08478924882097051,0.16724847847814053
1.47,0,270.3880163866041,0,1.0,0.30534782407654126,-0.08478908263635179,0.16724853946850562
1.475,0,270.3880163866041,0,1.0,0.305347106579936,-0.08478876822424532,0.16724855775418898
1.48,0,270.3880163866041,0,1.0,0.30534618487433196,-0.08478847327549904,0.16724856312195538
1.485,0,270.3880163866041,0,1.0,0.305345071669586,-0.08478817990661947,0.1672485448465192
1.49,0,270.3880163866041,0,1.0,0.30534379057593425,-0.08478810128551573,0.16724857355840766
1.495,0,270.3880163866041,0,1.0,0.3053424846037329,-0.08478783232519047,0.16724852737691545
1.5,0,270.3880163866041,0,1.0,0.3053477181460713,-0.08478636353936776,0.16724859688865684
1.5050000000000001,0,270.3880163866041,0,1.0,0.3053475071966434,-0.08478602562819085,0.16724864732600644
1.51,0,270.3880163866041,0,1.0,0.3053461867711462,-0.08478595914903189,0.16724866464825341
1.5150000000000001,0,270.3880163866041,0,1.0,0.3053453063578455,-0.0847857320735309,0.16724866336481634
1.52,0,270.3880163866041,0,1.0,0.30534417808837755,-0.08478556735707132,0.1672486617060379
1.5250000000000001,0,270.3880163866041,0,1.0,0.30534125606407697,-0.0847859279285811,0.16724863675820792
1.53,0,270.3880163866041,0,1.0,0.3053406783301275,-0.08478571750039499,0.16724864881911486
1.5350000000000001,0,270.3880163866041,0,1.0,0.3053407543689205,-0.0847853580342591,0.16724868345953886
1.54,0,270.3880163866041,0,1.0,0.30534587271667696,-0.0847834994473353,0.16724869658627467
1.545,0,270.3880163866041,0,1.0,0.30534600464187617,-0.08478314682050302,0.16724876940239974
1.55,0,270.3880163866041,0,1.0,0.305345528775294,-0.08478292491595947,0.1672487832792342
1.555,0,270.3880163866041,0,1.0,0.30534409331095397,-0.08478300510894796,0.16724878388855025
1.56,0,270.3880163866041,0,1.0,0.30534303158473747,-0.08478291196975996,0.1672487671536533
1.565,0,270.3880163866041,0,1.0,0.3053417164818489,-0.08478290428118719,0.1672487502339106
1.57,0,270.3880163866041,0,1.0,0.30534539686799766,-0.08478132439112009,0.16724877233387836
1.575,0,270.3880163866041,0,1.0,0.3053450147937467,-0.08478120360069091,0.16724884836324289
1.58,0,270.3880163866041,0,1.0,0.30534264461189875,-0.08478177810352541,0.16724886526084415
1.585,0,270.3880163866041,0,1.0,0.30534250457982154,-0.08478149959217096,0.16724888606062024
1.59,0,270.3880163866041,0,1.0,0.30534378190847167,-0.08478062662003692,0.16724890048815946
1.595,0,270.3880163866041,0,1.0,0.3053432024795229,-0.08478049503393913,0.16724890132976786
1.6,0,270.3880163866041,0,1.0,0.3053422478918128,-0.08478048470224592,0.16724889138772267
1.605,0,270.3880163866041,0,1.0,0.3053405917902268,-0.0847809292055669,0.16724890713264332
1.61,0,270.3880163866041,0,1.0,0.3053407777351266,-0.08478053633609872,0.16724892740742323
1.615,0,270.3880163866041,0,1.0,0.3053397952363814,-0.08478049884518667,0.16724888700606014
1.62,0,270.3880163866041,0,1.0,0.30534480203784725,-0.08477809537062653,0.16724894351217306
1.625,0,270.3880163866041,0,1.0,0.3053443944595562,-0.08477800323136025,0.16724898077382006
1.6300000000000001,0,270.3880163866041,0,1.0,0.30534307091939855,-0.08477832095277203,0.16724899270359764
1.635,0,270.3880163866041,0,1.0,0.3053396091077693,-0.08477939478020267,0.16724893712178993
1.6400000000000001,0,270.3880163866041,0,1.0,0.30533853955396756,-0.08477973314955942,0.16724897085644194
1.645,0,270.3880163866041,0,1.0,0.3053416768927074,-0.084777947315101,0.16724897608815817
1.6500000000000001,0,270.3880163866041,0,1.0,0.3053428991799963,-0.08477713361221288,0.16724903984420073
1.655,0,270.3880163866041,0,1.0,0.30534043515102366,-0.08477813385786141,0.16724904529761617
1.6600000000000001,0,270.3880163866041,0,1.0,0.3053416564353449,-0.08477723328750124,0.16724905824028802
1.665,0,270.3880163866041,0,1.0,0.3053412954092787,-0.08477707278799773,0.16724906151024665
1.67,0,270.3880163866041,0,1.0,0.3053397492535297,-0.0847775691454189,0.1672490638749101
1.675,0,270.3880163866041,0,1.0,0.305338763277431,-0.0847777269937455,0.16724904164173357
1.68,0,270.3880163866041,0,1.0,0.3053367275522631,-0.08477870811919246,0.16724907186508736
1.685,0,270.3880163866041,0,1.0,0.3053377191285791,-0.08477802509379903,0.16724910731540066
1.69,0,270.3880163866041,0,1.0,0.3053382459325082,-0.0847774753514473,0.16724911475185913
1.695,0,270.3880163866041,0,1.0,0.30533860190063633,-0.08477702669826546,0.16724912453766774
1.7,0,270.3880163866041,0,1.0,0.30534199064854367,-0.08477477003865844,0.16724909550776837
1.705,0,270.3880163866041,0,1.0,0.3053422119912155,-0.08477450308105802,0.16724915535736753
1.71,0,270.3880163866041,0,1.0,0.30533887251271735,-0.08477622942011721,0.16724914565697735
1.715,0,270.3880163866041,0,1.0,0.3053388921344012,-0.08477595066552954,0.16724914990786494
1.72,0,270.3880163866041,0,1.0,0.3053384082241862,-0.08477597957855897,0.1672491620827644
1.725,0,270.3880163866041,0,1.0,0.3053387198060558,-0.08477565429633971,0.16724920626244835
1.73,0,270.3880163866041,0,1.0,0.30533904693634756,-0.08477523850898044,0.167249211270997
1.735,0,270.3880163866041,0,1.0,0.3053401101190502,-0.08477434871216881,0.1672492152624463
1.74,0,270.3880163866041,0,1.0,0.3053398233015361,-0.08477428994876735,0.1672492174705544
1.745,0,270.3880163866041,0,1.0,0.3053390009594836,-0.08477451344655337,0.1672492036750979
1.75,0,270.3880163866041,0,1.0,0.3053375041386644,-0.0847752959643484,0.16724921892880287
1.7550000000000001,0,270.3880163866041,0,1.0,0.30533862459735445,-0.08477439025688431,0.16724923180985007
1.76,0,270.3880163866041,0,1.0,0.30533832395155186,-0.08477434667969756,0.1672492310247306
1.7650000000000001,0,270.3880163866041,0,1.0,0.3053352054734381,-0.08477615136785478,0.16724921887031424
1.77,0,270.3880163866041,0,1.0,0.3053357868391095,-0.08477570159622702,0.16724926422354416
1.7750000000000001,0,270.3880163866041,0,1.0,0.3053362040193679,-0.08477524272431246,0.16724927184979382
1.78,0,270.3880163866041,0,1.0,0.30533659961880977,-0.08477479468754685,0.1672492781687198
1.7850000000000001,0,270.3880163866041,0,1.0,0.30533697338807486,-0.08477436000325378,0.167249281717682
1.79,0,270.3880163866041,0,1.0,0.3053362296944197,-0.08477452167600733,0.1672492465722347
1.795,0,270.3880163866041,0,1.0,0.30534081820209513,-0.08477134812777787,0.1672492830976973
1.8,0,270.3880163866041,0,1.0,0.3053399068742961,-0.08477184259079133,0.16724930077777833
1.805,0,270.3880163866041,0,1.0,0.3053403888242373,-0.08477131424097425,0.1672493053588228
1.81,0,270.3880163866041,0,1.0,0.3053362195984405,-0.08477402674162451,0.16724931336009738
1.815,0,270.3880163866041,0,1.0,0.30533689041940454,-0.08477348779258277,0.16724934096593488
1.82,0,270.3880163866041,0,1.0,0.30533731750640686,-0.0847730156399593,0.16724934306254793
1.825,0,270.3880163866041,0,1.0,0.3053379615041439,-0.08477238446239951,0.16724934579240197
1.83,0,270.3880163866041,0,1.0,0.3053393066011151,-0.08477121572497805,0.1672493440433808
1.835,0,270.3880163866041,0,1.0,0.30533398297586234,-0.08477479136998914,0.16724931745548394
1.84,0,270.3880163866041,0,1.0,0.3053330158353928,-0.08477535295071875,0.16724932740865578
1.845,0,270.3880163866041,0,1.0,0.305333531796714,-0.08477487173507203,0.1672493430405271
1.85,0,270.3880163866041,0,1.0,0.3053339567508351,-0.08477443225291798,0.16724934881237158
1.855,0,270.3880163866041,0,1.0,0.3053344034165231,-0.08477396873226292,0.16724935001141536
1.86,0,270.3880163866041,0,1.0,0.30533868470161774,-0.08477067633452148,0.1672493525914139
1.865,0,270.3880163866041,0,1.0,0.305338628730016,-0.08477067130931581,0.16724939001949218
1.87,0,270.3880163866041,0,1.0,0.3053353970857081,-0.08477298792624119,0.1672493878867842
1.875,0,270.3880163866041,0,1.0,0.30533468460077784,-0.08477335922783956,0.16724938780406687
1.8800000000000001,0,270.3880163866041,0,1.0,0.3053340601245437,-0.08477372167208697,0.16724940552978806
1.885,0,270.3880163866041,0,1.0,0.3053345606271328,-0.08477323191845994,0.1672494139689852
1.8900000000000001,0,270.3880163866041,0,1.0,0.3053350260995832,-0.08477274437614844,0.16724941208226318
1.895,0,270.3880163866041,0,1.0,0.30533541965403205,-0.08477231560582482,0.16724941278630254
1.9000000000000001,0,270.3880163866041,0,1.0,0.3053347487345522,-0.08477255984226109,0.16724938278471768
1.905,0,270.3880163866041,0,1.0,0.30533916445080045,-0.08476912263755533,0.16724941079281305
1.9100000000000001,0,270.3880163866041,0,1.0,0.3053323264673084,-0.0847743000587925,0.16724940380946762
1.915,0,270.3880163866041,0,1.0,0.3053327976083802,-0.08477383019072918,0.16724941036467558
1.92,0,270.3880163866041,0,1.0,0.30533317755746964,-0.08477344002578377,0.16724941849188965
1.925,0,270.3880163866041,0,1.0,0.30533363683366455,-0.08477297691705242,0.1672494201643174
1.93,0,270.3880163866041,0,1.0,0.305338213969619,-0.08476924955731308,0.16724942212279587
1.935,0,270.3880163866041,0,1.0,0.30533843122838505,-0.08476904825707389,0.16724944978855283
1.94,0,270.3880163866041,0,1.0,0.30533663309341685,-0.08477041486242909,0.16724945928743878
1.945,0,270.3880163866041,0,1.0,0.30533679023630944,-0.08477019363122648,0.16724946695954054
1.95,0,270.3880163866041,0,1.0,0.3053372845328367,-0.08476968663456728,0.16724947037304805
1.955,0,270.3880163866041,0,1.0,0.30533678415061477,-0.08476994166808226,0.1672494636135539
1.96,0,270.3880163866041,0,1.0,0.30533404522243146,-0.084772171783112,0.1672494760014167
1.965,0,270.3880163866041,0,1.0,0.3053333219900698,-0.08477259600787317,0.16724946529643162
1.97,0,270.3880163866041,0,1.0,0.30533413898275674,-0.08477191259740764,0.16724949305459105
1.975,0,270.3880163866041,0,1.0,0.3053332743392874,-0.0847724767575518,0.1672494841093789
1.98,0,270.3880163866041,0,1.0,0.3053339317824318,-0.08477184863963881,0.1672494835943212
1.985,0,270.3880163866041,0,1.0,0.305334364734976,-0.08477139369086001,0.16724948331080963
1.99,0,270.3880163866041,0,1.0,0.3053365289811802,-0.08476948486897043,0.16724948235182763
1.995,0,270.3880163866041,0,1.0,0.30533630966639264,-0.08476961187806425,0.1672494971559377
2.0,0,270.3880163866041,0,1.0,0.30533343650470457,-0.0847719589002285,0.167249494654042
