t,q1,q2,q3,q4,q5,q6
0,0,-1.0471975511966,1.5707963267949,-1.5707963267949,-1.5707963267949,0
0.01,1.13779176293776e-06,-1.04719579271142,1.57079646762636,-1.57081685479001,-1.57079632679547,5.70238290440274e-05
0.02,8.89131853369872e-06,-1.04718380944495,1.57079742732789,-1.57095674362102,-1.57079632679936,0.000445614957461565
0.03,2.93049526291417e-05,-1.04715225967099,1.57079995404851,-1.57132504562021,-1.57079632680961,0.00146870513858599
0.04,6.78178022709218e-05,-1.0470927371139,1.57080472101998,-1.57201989296836,-1.57079632682895,0.00339889150968502
0.05,0.000129283556309923,-1.0469977402781,1.57081232901312,-1.57312885573256,-1.57079632685981,0.00647943116953661
0.06,0.00021799032895069,-1.04686064177752,1.57082330879411,-1.57472929990393,-1.57079632690435,0.0109252357560049
0.07,0.000337680504475866,-1.04667565766516,1.57083812358079,-1.5768887454354,-1.57079632696445,0.0169238660236162
0.08,0.000491570581970616,-1.04643781676249,1.57085717149896,-1.57966522427943,-1.57079632704172,0.0246365264211347
0.09,0.000682371020047072,-1.04614292998903,1.57088078803872,-1.58310763842577,-1.57079632713753,0.0341990596691386
0.1,0.000912306081568755,-1.04578755969175,1.5709092485107,-1.58725611793925,-1.57079632725298,0.0457229413375961
0.11,0.00118313367837501,-1.04536898897465,1.57094277050242,-1.59214237899749,-1.57079632738897,0.059296274423441
0.12,0.00149616521600546,-1.04488519102819,1.5709815163346,-1.59779008192865,-1.57079632754615,0.0749847839281491
0.13,0.00185228543842439,-1.04433479845879,1.5710255955174,-1.60421518924923,-1.57079632772496,0.0928328114353134
0.14,0.00225197227274523,-1.04371707261834,1.57107506720681,-1.61142632370178,-1.57079632792565,0.112864309688221
0.15,0.00269531667395497,-1.04303187293365,1.57112994266088,-1.61942512629266,-1.57079632814826,0.135083837167428
0.16,0.00318204246963858,-1.042279626236,1.57119018769605,-1.62820661432982,-1.57079632839265,0.159477552668336
0.17,0.00371152620470346,-1.04146129609059,1.57125572514347,-1.63775953946052,-1.57079632865852,0.186014209878768
0.18,0.00428281698610387,-1.04057835212601,1.57132643730528,-1.64806674570908,-1.57079632894537,0.214646151956545
0.19,0.00489465632756535,-1.03963273936378,1.57140216841091,-1.65910552751468,-1.57079632925259,0.24531030610706
0.2,0.00554549799430917,-1.03862684754781,1.57148272707341,-1.67084798776905,-1.57079632957939,0.277929178160856
0.21,0.00623352784777675,-1.0375634804739,1.57156788874573,-1.68326139585429,-1.57079632992486,0.3124118471512
0.22,0.00695668369035412,-1.03644582531922,1.57165739817703,-1.69630854568056,-1.57079633028797,0.348654959891661
0.23,0.0077126751100963,-1.0352774219718,1.57175097186899,-1.70994811372387,-1.57079633066756,0.386543725553685
0.24,0.00849900332545178,-1.03406213236004,1.57184830053209,-1.72413501706382,-1.57079633106239,0.42595291024417
0.25,0.00931298102998694,-1.03280410978219,1.57194905154195,-1.73882077142137,-1.5707963314711,0.466747831583042
0.26,0.0101517522371105,-1.03150776823581,1.5720528713956,-1.75395384919655,-1.57079633189226,0.508785353280834
0.27,0.0110123121247978,-1.0301777517473,1.57215938816779,-1.76948003750628,-1.57079633232437,0.551914879716257
0.28,0.0118915268803156,-1.02881890370139,1.57226821396733,-1.78534279622205,-1.57079633276584,0.595979350513781
0.29,0.0127861535449462,-1.02743623617059,1.57237894739333,-1.80148361600774,-1.57079633321504,0.640816235121207
0.3,0.0136928598587117,-1.02603489924472,1.57249117599154,-1.81784237635733,-1.57079633367032,0.686258527387243
0.31,0.0146082441050991,-1.02462015036038,1.57260447871067,-1.83435770363264,-1.57079633412995,0.732135740139085
0.32,0.0155288549557839,-1.02319732363045,1.57271842835864,-1.85096732910116,-1.5707963345922,0.778274899759985
0.33,0.0164512113153554,-1.02177179917357,1.57283259405896,-1.86760844697369,-1.57079633505533,0.824501540766834
0.34,0.0173718221660403,-1.02034897244364,1.57294654370693,-1.8842180724422,-1.57079633551758,0.870640700387735
0.35,0.0182872064124276,-1.0189342235593,1.57305984642606,-1.90073339971752,-1.57079633597722,0.916517913139577
0.36,0.0191939127261932,-1.01753288663343,1.57317207502427,-1.9170921600671,-1.57079633643249,0.961960205405613
0.37,0.0200885393908237,-1.01615021910263,1.57328280845027,-1.93323297985279,-1.5707963368817,1.00679709001304
0.38,0.0209677541463415,-1.01479137105671,1.57339163424981,-1.94909573856857,-1.57079633732316,1.05086156081056
0.39,0.0218283140340288,-1.01346135456821,1.57349815102201,-1.96462192687829,-1.57079633775527,1.09399108724599
0.4,0.0226670852411524,-1.01216501302183,1.57360197087565,-1.97975500465348,-1.57079633817643,1.13602860894378
0.41,0.0234810629456875,-1.01090699044397,1.57370272188551,-1.99444075901102,-1.57079633858514,1.17682353028265
0.42,0.024267391161043,-1.00969170083222,1.57380005054861,-2.00862766235097,-1.57079633897997,1.21623271497313
0.43,0.0250233825807852,-1.0085232974848,1.57389362424057,-2.02226723039428,-1.57079633935956,1.25412148063516
0.44,0.0257465384233626,-1.00740564233012,1.57398313367187,-2.03531438022055,-1.57079633972267,1.29036459337562
0.45,0.0264345682768302,-1.00634227525621,1.57406829534419,-2.04772778830579,-1.57079634006814,1.32484726236596
0.46,0.027085409943574,-1.00533638344024,1.57414885400669,-2.05947024856017,-1.57079634039494,1.35746613441976
0.47,0.0276972492850355,-1.00439077067801,1.57422458511232,-2.07050903036577,-1.57079634070216,1.38813028857027
0.48,0.0282685400664359,-1.00350782671343,1.57429529727413,-2.08081623661433,-1.57079634098901,1.41676223064805
0.49,0.0287980238015008,-1.00268949656801,1.57436083472155,-2.09036916174502,-1.57079634125488,1.44329888785848
0.5,0.0292847495971844,-1.00193724987037,1.57442107975672,-2.09915064978218,-1.57079634149927,1.46769260335939
0.51,0.0297280939983941,-1.00125205018568,1.57447595521079,-2.10714945237307,-1.57079634172188,1.4899121308386
0.52,0.030127780832715,-1.00063432434522,1.5745254269002,-2.11436058682561,-1.57079634192257,1.50994362909151
0.53,0.0304839010551339,-1.00008393177582,1.57456950608301,-2.1207856941462,-1.57079634210138,1.52779165659867
0.54,0.0307969325927643,-0.999600133829362,1.57460825191518,-2.12643339707736,-1.57079634225856,1.54348016610338
0.55,0.0310677601895706,-0.999181563112265,1.57464177390691,-2.13131965813559,-1.57079634239455,1.55705349918922
0.56,0.0312976952510923,-0.998826192814991,1.57467023437888,-2.13546813764907,-1.57079634251,1.56857738085768
0.57,0.0314884956891687,-0.998531306041524,1.57469385091864,-2.13891055179542,-1.57079634260581,1.57813991410568
0.58,0.0316423857666635,-0.998293465138858,1.57471289883682,-2.14168703063945,-1.57079634268308,1.5858525745032
0.59,0.0317620759421886,-0.998108481026494,1.57472771362349,-2.14384647617091,-1.57079634274318,1.59185120477081
0.6,0.0318507827148294,-0.997971382525922,1.57473869340448,-2.14544692034229,-1.57079634278772,1.59629700935728
0.61,0.0319122484688684,-0.997876385690118,1.57474630139762,-2.14655588310649,-1.57079634281858,1.59937754901713
0.62,0.0319507613185102,-0.997816863133029,1.57475106836909,-2.14725073045464,-1.57079634283792,1.60130773538823
0.63,0.0319711749526056,-0.997785313359067,1.57475359508971,-2.14761903245382,-1.57079634284817,1.60233082556936
0.64,0.0319789284793764,-0.997773330092595,1.57475455479124,-2.14775892128484,-1.57079634285206,1.60271941669778
0.65,0.0319800662711393,-0.99777157160742,1.5747546956227,-2.14777944927995,-1.57079634285263,1.60277644052682
0.66,0.0319800662732262,-0.997766891815932,1.57475658177548,-2.14778601522444,-1.57079634285347,1.60277644052727
0.67,0.0319800662874474,-0.997735001192565,1.57476943503782,-2.14783075911169,-1.57079634285916,1.60277644053036
0.68,0.0319800663248893,-0.997651038947287,1.57480327535362,-2.14794856167683,-1.57079634287416,1.60277644053848
0.69,0.031980066395528,-0.99749263377,1.57486711930163,-2.14817081080981,-1.57079634290245,1.6027764405538
0.7,0.0319800665082661,-0.997239822208244,1.57496901299275,-2.14852551607493,-1.57079634294759,1.60277644057825
0.71,0.0319800666709685,-0.996874967044905,1.57511606496718,-2.14903742323038,-1.57079634301275,1.60277644061354
0.72,0.0319800668904994,-0.996382675675923,1.57531447909169,-2.14972812874773,-1.57079634310066,1.60277644066116
0.73,0.0319800671727585,-0.995749718487998,1.57556958745678,-2.15061619433142,-1.5707963432137,1.60277644072238
0.74,0.031980067522717,-0.994964947236298,1.57588588327396,-2.15171726143833,-1.57079634335384,1.60277644079829
0.75,0.0319800679444547,-0.994019213422166,1.57626705377292,-2.15304416579724,-1.57079634352273,1.60277644088976
0.76,0.0319800684411959,-0.992905286670827,1.57671601309875,-2.15460705192839,-1.57079634372166,1.60277644099751
0.77,0.0319800690153458,-0.991617773109095,1.57723493520919,-2.15641348766295,-1.57079634395159,1.60277644112204
0.78,0.0319800696685273,-0.990153033743081,1.5778252867718,-2.15846857866254,-1.57079634421316,1.60277644126372
0.79,0.0319800704016169,-0.988509102835898,1.57848786006121,-2.1607750829388,-1.57079634450674,1.60277644142273
0.8,0.0319800712147815,-0.98668560628537,1.57922280585635,-2.16333352537282,-1.57079634483238,1.6027764415991
0.81,0.0319800721075146,-0.984683680001741,1.5800296663376,-2.16614231223471,-1.57079634518988,1.60277644179274
0.82,0.0319800730786725,-0.982505888285376,1.58090740798408,-2.16919784570308,-1.5707963455788,1.60277644200338
0.83,0.0319800741265112,-0.980156142204476,1.58185445447083,-2.1724946383846,-1.57079634599842,1.60277644223066
0.84,0.0319800752487225,-0.977639617972778,1.58286871956604,-2.17602542783344,-1.57079634644782,1.60277644247407
0.85,0.0319800764424703,-0.974962675327267,1.58394764002825,-2.17978129107088,-1.57079634692587,1.60277644273299
0.86,0.0319800777044272,-0.972132775905882,1.58508820850358,-2.18375175910471,-1.57079634743124,1.60277644300671
0.87,0.0319800790308108,-0.96915840162522,1.58628700642293,-2.18792493144885,-1.57079634796241,1.60277644329441
0.88,0.03198008041742,-0.966048973058249,1.58754023689923,-2.1922875906428,-1.57079634851769,1.60277644359516
0.89,0.0319800818596719,-0.96281476781201,1.58884375762464,-2.19682531677116,-1.57079634909526,1.60277644390799
0.9,0.0319800833526373,-0.959466838905328,1.59019311376774,-2.20152260198317,-1.57079634969314,1.60277644423182
0.91,0.0319800848910779,-0.956016933146514,1.59158357087077,-2.20636296501219,-1.57079635030922,1.60277644456551
0.92,0.0319800864694825,-0.952477409511078,1.59301014774687,-2.21132906569524,-1.57079635094132,1.60277644490786
0.93,0.0319800880821031,-0.948861157519432,1.59446764937726,-2.2164028194925,-1.57079635158711,1.60277644525764
0.94,0.0319800897229916,-0.945181515614601,1.59595069980846,-2.22156551200683,-1.57079635224423,1.60277644561355
0.95,0.0319800913860361,-0.941452189539926,1.59745377504952,-2.22679791350327,-1.57079635291021,1.60277644597427
0.96,0.0319800930649973,-0.937687170716772,1.59897123596924,-2.23208039342859,-1.57079635358257,1.60277644633844
0.97,0.031980094753545,-0.933900654622239,1.60049736119337,-2.23739303493073,-1.57079635425877,1.60277644670469
0.98,0.0319800964452942,-0.930106959166863,1.60202638000184,-2.24271574937841,-1.57079635493626,1.60277644707163
0.99,0.0319800981338419,-0.92632044307233,1.60355250522598,-2.24802839088055,-1.57079635561246,1.60277644743788
1,0.0319800998128031,-0.922555424249176,1.6050699661457,-2.25331087080586,-1.57079635628482,1.60277644780204
1.01,0.0319801014758476,-0.918826098174501,1.60657304138676,-2.25854327230231,-1.57079635695081,1.60277644816276
1.02,0.0319801031167361,-0.91514645626967,1.60805609181796,-2.26370596481664,-1.57079635760792,1.60277644851867
1.03,0.0319801047293567,-0.911530204278024,1.60951359344834,-2.2687797186139,-1.57079635825372,1.60277644886845
1.04,0.0319801063077613,-0.907990680642588,1.61094017032445,-2.27374581929695,-1.57079635888581,1.60277644921081
1.05,0.031980107846202,-0.904540774883774,1.61233062742748,-2.27858618232597,-1.5707963595019,1.6027764495445
1.06,0.0319801093391674,-0.901192845977091,1.61367998357058,-2.28328346753797,-1.57079636009977,1.60277644986832
1.07,0.0319801107814192,-0.897958640730853,1.61498350429598,-2.28782119366634,-1.57079636067734,1.60277645018115
1.08,0.0319801121680284,-0.894849212163882,1.61623673477229,-2.29218385286028,-1.57079636123263,1.60277645048191
1.09,0.031980113494412,-0.89187483788322,1.61743553269164,-2.29635702520442,-1.57079636176379,1.6027764507696
1.1,0.0319801147563689,-0.889044938461835,1.61857610116697,-2.30032749323826,-1.57079636226916,1.60277645104332
1.11,0.0319801159501167,-0.886367995816324,1.61965502162917,-2.30408335647569,-1.57079636274721,1.60277645130225
1.12,0.031980117072328,-0.883851471584626,1.62066928672438,-2.30761414592454,-1.57079636319662,1.60277645154565
1.13,0.0319801181201667,-0.881501725503725,1.62161633321114,-2.31091093860605,-1.57079636361624,1.60277645177293
1.14,0.0319801190913246,-0.879323933787361,1.62249407485762,-2.31396647207443,-1.57079636400515,1.60277645198358
1.15,0.0319801199840577,-0.877322007503731,1.62330093533887,-2.31677525893632,-1.57079636436265,1.60277645217721
1.16,0.0319801207972223,-0.875498510953204,1.624035881134,-2.31933370137033,-1.5707963646883,1.60277645235359
1.17,0.0319801215303119,-0.873854580046021,1.62469845442342,-2.32164020564659,-1.57079636498187,1.6027764525126
1.18,0.0319801221834934,-0.872389840680006,1.62528880598603,-2.32369529664619,-1.57079636524345,1.60277645265427
1.19,0.0319801227576433,-0.871102327118275,1.62580772809646,-2.32550173238075,-1.57079636547337,1.60277645277881
1.2,0.0319801232543845,-0.869988400366936,1.6262566874223,-2.32706461851189,-1.5707963656723,1.60277645288655
1.21,0.0319801236761222,-0.869042666552804,1.62663785792125,-2.32839152287081,-1.57079636584119,1.60277645297803
1.22,0.0319801240260807,-0.868257895301104,1.62695415373843,-2.32949258997772,-1.57079636598133,1.60277645305393
1.23,0.0319801243083398,-0.867624938113179,1.62720926210353,-2.33038065556141,-1.57079636609437,1.60277645311515
1.24,0.0319801245278707,-0.867132646744197,1.62740767622804,-2.33107136107875,-1.57079636618228,1.60277645316277
1.25,0.0319801246905731,-0.866767791580857,1.62755472820247,-2.33158326823421,-1.57079636624744,1.60277645319806
1.26,0.0319801248033112,-0.866514980019102,1.62765662189359,-2.33193797349933,-1.57079636629259,1.60277645322251
1.27,0.0319801248739499,-0.866356574841814,1.6277204658416,-2.33216022263231,-1.57079636632087,1.60277645323784
1.28,0.0319801249113918,-0.866272612596537,1.62775430615739,-2.33227802519744,-1.57079636633587,1.60277645324596
1.29,0.031980124925613,-0.86624072197317,1.62776715941974,-2.3323227690847,-1.57079636634156,1.60277645324904
1.3,0.0319801249276999,-0.866236042181682,1.62776904557251,-2.33232933502919,-1.5707963663424,1.60277645324949
1.31,0.0319801249270394,-0.866240721972917,1.62776715941965,-2.33232276908485,-1.57079636633916,1.60277645324879
1.32,0.0319801249225384,-0.866272612594558,1.6277543061567,-2.33227802519862,-1.57079636631712,1.60277645324401
1.33,0.0319801249106882,-0.866356574835293,1.62772046583931,-2.3321602226362,-1.57079636625909,1.60277645323142
1.34,0.0319801248883313,-0.866514980004009,1.62765662188829,-2.33193797350833,-1.5707963661496,1.60277645320766
1.35,0.0319801248526501,-0.866767791552086,1.62755472819236,-2.33158326825137,-1.57079636597486,1.60277645316975
1.36,0.0319801248011554,-0.867132646695684,1.62740767621099,-2.3310713611077,-1.57079636572268,1.60277645311503
1.37,0.0319801247316747,-0.86762493803803,1.62720926207713,-2.33038065560625,-1.57079636538242,1.6027764530412
1.38,0.0319801246423407,-0.868257895191707,1.6269541537,-2.32949259004299,-1.57079636494493,1.60277645294628
1.39,0.0319801245315801,-0.869042666400946,1.6266378578679,-2.32839152296141,-1.57079636440251,1.60277645282858
1.4,0.0319801243981016,-0.869988400163907,1.62625668735096,-2.32706461863303,-1.57079636374883,1.60277645268675
1.41,0.0319801242408848,-0.871102326854974,1.62580772800395,-2.32550173253784,-1.57079636297891,1.6027764525197
1.42,0.0319801240591685,-0.872389840347042,1.62528880586904,-2.32369529684485,-1.570796362089,1.60277645232661
1.43,0.0319801238524389,-0.873854579633804,1.62469845427858,-2.32164020589253,-1.5707963610766,1.60277645210694
1.44,0.0319801236204187,-0.875498510452038,1.62403588095791,-2.31933370166935,-1.57079635994034,1.6027764518604
1.45,0.031980123363055,-0.877322006903902,1.62330093512812,-2.31677525929419,-1.57079635867997,1.60277645158693
1.46,0.0319801230805083,-0.879323933079213,1.62249407460881,-2.31396647249693,-1.57079635729628,1.6027764512867
1.47,0.0319801227731403,-0.881501724677743,1.62161633292092,-2.31091093909886,-1.57079635579103,1.60277645096009
1.48,0.0319801224415031,-0.883851470631505,1.6206692863895,-2.3076141464932,-1.57079635416692,1.6027764506077
1.49,0.0319801220863273,-0.886367994727042,1.61965502124645,-2.30408335712559,-1.57079635242755,1.6027764502303
1.5,0.0319801217085105,-0.889044937227711,1.61857610073335,-2.30032749397458,-1.57079635057729,1.60277644982884
1.51,0.0319801213091057,-0.891874836495979,1.61743553220422,-2.2963570260321,-1.57079634862131,1.60277644940444
1.52,0.0319801208893101,-0.894849210615706,1.61623673422832,-2.29218385378397,-1.57079634656548,1.60277644895837
1.53,0.0319801204504533,-0.897958639014434,1.61498350369291,-2.2878211946904,-1.57079634441629,1.60277644849205
1.54,0.0319801199939858,-0.901192844085679,1.61367998290602,-2.28328346866645,-1.57079634218087,1.60277644800701
1.55,0.0319801195214676,-0.904540772811215,1.61233062669927,-2.27858618356252,-1.57079633986684,1.60277644750492
1.56,0.0319801190345567,-0.907990678383365,1.61094016953065,-2.27374582064487,-1.57079633748232,1.60277644698754
1.57,0.0319801185349974,-0.911530201827287,1.60951359258726,-2.26877972007609,-1.57079633503587,1.60277644645671
1.58,0.0319801180246088,-0.915146453623268,1.60805609088812,-2.26370596639556,-1.57079633253638,1.60277644591438
1.59,0.0319801175052735,-0.918826095329004,1.60657304038697,-2.25854327400002,-1.57079632999307,1.60277644536255
1.6,0.031980116978926,-0.922555421201896,1.60506996507501,-2.25331087262397,-1.57079632741543,1.60277644480326
1.61,0.0319801164475408,-0.926320439821335,1.60355250408372,-2.2480283928202,-1.57079632481311,1.60277644423862
1.62,0.0319801159131216,-0.930106955710991,1.6020263787876,-2.24271575144029,-1.57079632219594,1.60277644367075
1.63,0.0319801153776891,-0.933900650961101,1.600497359907,-2.23739303711508,-1.57079631957381,1.60277644310181
1.64,0.0319801148432699,-0.937687166850757,1.59897123461089,-2.23208039573517,-1.57079631695663,1.60277644253395
1.65,0.0319801143118847,-0.941452185470196,1.59745377361959,-2.2267979159314,-1.57079631435432,1.60277644196931
1.66,0.0319801137855372,-0.945181511343088,1.59595069830763,-2.22156551455535,-1.57079631177667,1.60277644141002
1.67,0.0319801132662019,-0.948861153048825,1.59446764780648,-2.2164028221598,-1.57079630923337,1.60277644085818
1.68,0.0319801127558133,-0.952477404844805,1.59301014610734,-2.21132906847928,-1.57079630673388,1.60277644031585
1.69,0.031980112256254,-0.956016928288728,1.59158356916395,-2.20636296791049,-1.57079630428742,1.60277643978503
1.7,0.0319801117693431,-0.959466833860877,1.59019311199533,-2.20152260499285,-1.57079630190291,1.60277643926764
1.71,0.0319801112968249,-0.962814762586413,1.58884375578859,-2.19682531988892,-1.57079629958888,1.60277643876555
1.72,0.0319801108403575,-0.966048967657658,1.5875402350017,-2.19228759386496,-1.57079629735345,1.60277643828052
1.73,0.0319801104015006,-0.969158396056387,1.58628700446628,-2.18792493477139,-1.57079629520427,1.6027764378142
1.74,0.031980109981705,-0.972132770176114,1.58508820649038,-2.18375176252327,-1.57079629314843,1.60277643736813
1.75,0.0319801095823003,-0.974962669444381,1.58394763796126,-2.17978129458079,-1.57079629119246,1.60277643694373
1.76,0.0319801092044834,-0.977639611945051,1.58286871744816,-2.17602543142978,-1.5707962893422,1.60277643654227
1.77,0.0319801088493076,-0.980156136040587,1.58185445230511,-2.17249464206217,-1.57079628760282,1.60277643616486
1.78,0.0319801085176704,-0.982505881994349,1.58090740577368,-2.16919784945651,-1.57079628597872,1.60277643581247
1.79,0.0319801082103025,-0.98468367359288,1.5800296640858,-2.16614231605843,-1.57079628447347,1.60277643548587
1.8,0.0319801079277557,-0.986685599768191,1.57922280356649,-2.16333352926117,-1.57079628308977,1.60277643518564
1.81,0.031980107670392,-0.988509096220054,1.57848785773669,-2.16077508688602,-1.5707962818294,1.60277643491217
1.82,0.0319801074383718,-0.990153027038289,1.57782528441602,-2.15846858266283,-1.57079628069315,1.60277643466562
1.83,0.0319801072316422,-0.99161776632505,1.57723493282556,-2.15641349171052,-1.57079627968074,1.60277643444596
1.84,0.0319801070499259,-0.992905279817118,1.57671601069065,-2.15460705601753,-1.57079627879084,1.60277643425287
1.85,0.0319801068927091,-0.994019206508186,1.57626705134364,-2.15304416992234,-1.57079627802091,1.60277643408581
1.86,0.0319801067592306,-0.994964940271147,1.57588588082671,-2.15171726559396,-1.57079627736724,1.60277643394398
1.87,0.03198010664847,-0.995749711480385,1.57556958499461,-2.15061619851238,-1.57079627682482,1.60277643382629
1.88,0.0319801065591361,-0.996382668634062,1.57531447661748,-2.14972813294912,-1.57079627638733,1.60277643373136
1.89,0.0319801064896553,-0.996874959976408,1.57511606248361,-2.14903742744767,-1.57079627604706,1.60277643365753
1.9,0.0319801064381606,-0.997239815120006,1.57496901050224,-2.148525520304,-1.57079627579488,1.60277643360282
1.91,0.0319801064024794,-0.997492626668083,1.57486711680632,-2.14817081504703,-1.57079627562014,1.6027764335649
1.92,0.0319801063801225,-0.997651031836799,1.57480327285529,-2.14794856591917,-1.57079627551066,1.60277643354115
1.93,0.0319801063682723,-0.997734994077534,1.5747694325379,-2.14783076335674,-1.57079627545262,1.60277643352855
1.94,0.0319801063637713,-0.997766884699176,1.57475657927495,-2.14778601947052,-1.57079627543058,1.60277643352377
1.95,0.0319801063631108,-0.99777156449041,1.57475469312209,-2.14777945352618,-1.57079627542735,1.60277643352307
